chars,value
ก ข ฃ ค ฅ ฆ ง จ ฉ ช ซ ฌ ญ ฎ ฏ ฐ ฑ ฒ ณ ด ต ถ ท ธ น บ ป ผ ฝ พ ฟ ภ ม ย ร ล ว ศ ษ ส ห ฬ อ ฮ,ไทย
"ะ เรียกว่า วิสรรชนีย์
ั เรียกว่า ไม้หันอากาศ หรือ ไม้ผัด
็ เรียกว่า ไม้ไต่คู้
า เรียกว่า ลากข้าง
ิ เรียกว่า พิทุอิ
่ เรียกว่า ฝนทอง
่ ่ เรียกว่า ฟันหนู
ํ เรียกว่า นฤคหิต หรือหยาดน้ำค้าง
ุ เรียกว่า ตีนเหยียด
ู เรียกว่า ตีนคู้
เ เรียกว่า ไม้หน้า
ใ เรียกว่า ไม้ม้วน
ไ เรียกว่า ไม้มลาย
โ เรียกว่า ไม้โอ
อ เรียกว่า ตัวออ
ย เรียกว่า ตัวยอ
ว เรียกว่า ตัววอ
ฤ เรียกว่า ตัว ฤ (รึ)
ฤๅ เรียกว่า ตัว ฤๅ (รือ)
ฦ เรียกว่า ตัว ฦ (ลึ) ปัจจุบันเลิกใช้แล้ว
ฦๅ เรียกว่า ตัว ฦๅ (ลือ) ปัจจุบันเลิกใช้แล้ว",ไทย
"的  
一  
是  
不  
了  
人  
我  
在  
有  
他  
这  
中  
大  
来  
上  
国  
个  
到  
说  
们  
为  
子  
和  
你  
地  
出  
道  
也  
时  
年  
得  
就  
那  
要  
下  
以  
生  
会  
自  
着  
去  
之  
过  
家  
学  
对  
可  
她  
里  
后  
小  
么  
心  
多  
天  
而  
能  
好  
都  
然  
没  
日  
于  
起  
还  
发  
成  
事  
只  
作  
当  
想  
看  
文  
无  
开  
手  
十  
用  
主  
行  
方  
又  
如  
前  
所  
本  
见  
经  
头  
面  
公  
同  
三  
已  
老  
从  
动  
两  
长",จีน
"ᅡ
ᅣ
ᅥ
ᅧ
ᅩ
ᅭ
ᅮ
ᅲ
ᅳ
ᅵ
ㅐ
ㅒ
ㅔ
ㅖ
ㅚ
ㅘ
ㅙ
ㅟ
ㅝ
ㅞ
ㅢ",เกาหลี
"あ い う え お
か き く け こ
さ し す せ そ
た ち つ て と
な に ぬ ね の
は ひ ふ へ ほ
ま み む め も
や ゆ よ
ら り る れ ろ
わ を
ん",ญี่ปุ่น
a b c d e f g h i j k l m n o p q r s t u v w x y z,อังกฤษ